{
    "items": [
        {
            "title": "Olympiada",
            "descr": "Карты компетенций – определение и периодическое обновление набора компетенций (как личностных, так и профессиональных).",
            "src": "static/img/assets/list-img/client-1.jpg"
        }, {
            "title": "Intel",
            "descr": "Карты компетенций – определение и периодическое обновление набора компетенций (как личностных, так и профессиональных).",
            "src": "static/img/assets/list-img/client-2.jpg"
        }, {
            "title": "Birl Integration LLC",
            "descr": "Карты компетенций – определение и периодическое обновление набора компетенций (как личностных, так и профессиональных).",
            "src": "static/img/assets/list-img/client-3.jpg"
        }, {
            "title": "Olympiada",
            "descr": "Карты компетенций – определение и периодическое обновление набора компетенций (как личностных, так и профессиональных).",
            "src": "static/img/assets/list-img/client-1.jpg"
        }, {
            "title": "Intel",
            "descr": "Карты компетенций – определение и периодическое обновление набора компетенций (как личностных, так и профессиональных).",
            "src": "static/img/assets/list-img/client-2.jpg"
        }, {
            "title": "Birl Integration LLC",
            "descr": "Карты компетенций – определение и периодическое обновление набора компетенций (как личностных, так и профессиональных).",
            "src": "static/img/assets/list-img/client-3.jpg"
        }
    ]
}
